{
    "entity": "minecraft:ender_dragon",
    "variants": [],
    "name": "entity.minecraft.ender_dragon",
    "name_color": "#CC00CC",
    "gui_scale": 0.25,
    "gui_x_offset": 0,
    "gui_y_offset": 0.5,
    "gui_z_offset": 0,
    "sim_cost": 4096,
    "input": {
        "item": "hostilenetworks:prediction_matrix"
    },
    "base_drop": {
        "item": "hostilenetworks:end_prediction"
    },
    "trivia": "hostilenetworks.trivia.ender_dragon",
    "fabricator_drops": [
        {
            "item": "minecraft:dragon_breath",
            "count": 16
        },
        {
            "item": "minecraft:dragon_egg",
            "count": 1
        },
        {
            "item": "bhc:green_heart",
            "count": 1
        },
        {
            "item": "ends_delight:dragon_tooth",
            "count": 8
        },
        {
            "item": "ends_delight:dragon_leg",
            "count": 4
        }
    ],
    "data_per_kill": [
        3,
        12,
        30,
        45
    ]
}
