{
  "type": "modonomicon:dense",
  "mapping": {
    "*": {
      "type": "modonomicon:display",
      "display": "occultism:otherstone"
    },
    "+": {
      "type": "modonomicon:display",
      "display": "minecraft:stone"
    },
    "0": {
      "type": "modonomicon:block",
      "block": "occultism:golden_sacrificial_bowl"
    },
    "C": {
      "type": "modonomicon:tag",
      "tag": "#minecraft:candles"
    },
    "G": {
      "type": "modonomicon:block",
      "block": "occultism:chalk_glyph_gold"
    },
    "P": {
      "type": "modonomicon:block",
      "block": "occultism:chalk_glyph_purple"
    },
    "S": {
      "type": "modonomicon:block",
      "block": "occultism:spirit_attuned_crystal"
    },
    "W": {
      "type": "modonomicon:block",
      "block": "occultism:chalk_glyph_white"
    }
  },
  "pattern": [
    [
      "_______________",
      "_______________",
      "_______________",
      "______PPP______",
      "____SPWCWPS____",
      "____PGG_GGP____",
      "___PWG_W_GWP___",
      "___PC_W0W_CP___",
      "___PWG_W_GWP___",
      "____PGG_GGP____",
      "____SPWCWPS____",
      "______PPP______",
      "_______________",
      "_______________",
      "_______________"
    ],
    [
      "*+*+*+*+*+*+*+*",
      "+*+*+*+*+*+*+*+",
      "*+*+*+*+*+*+*+*",
      "+*+*+*+*+*+*+*+",
      "*+*+*+*+*+*+*+*",
      "+*+*+*+*+*+*+*+",
      "*+*+*+*+*+*+*+*",
      "+*+*+*+*+*+*+*+",
      "*+*+*+*+*+*+*+*",
      "+*+*+*+*+*+*+*+",
      "*+*+*+*+*+*+*+*",
      "+*+*+*+*+*+*+*+",
      "*+*+*+*+*+*+*+*",
      "+*+*+*+*+*+*+*+",
      "*+*+*+*+*+*+*+*"
    ]
  ]
}