{
    "conditions": [
      {
        "condition": "forge:loot_table_id",
        "loot_table_id": "ars_nouveau:entities/wilden_boss"
      },
      {
        "condition": "productivelib:killed_by_uuid",
        "uuid": "7400926d-1007-4e53-880f-b43e67f2bf29"
      }
    ],
    "type": "productivelib:ingredient_modifier",
    "chance": 0.05,
    "addition": [{
        "item": "ars_nouveau:wilden_tribute"
    },
    {
        "item": "ars_nouveau:wilden_horn"
    },
    {
        "item": "ars_nouveau:wilden_spike"
    },
    {
        "item": "ars_nouveau:wilden_wing"
    }]
  }